{"coal": {"1": {"max_capacity": 15, "env_cost": 0.3333333333333333, "dollar_cost": 1}}, "renewable": {"1": {"max_capacity": 9, "env_cost": 0.1111111111111111, "dollar_cost": 2}}, "hydro": {"1": {"max_capacity": 24, "env_cost": 0.08333333333333333, "dollar_cost": {"30": 1, "20": 2, "10": 3, "0": 4}}}}